job_title,vessel_code,func_no,func_desc,due_date
Purifier Major Overhaul Alfa Laval,ADA,702.310.0020,HFO purifier 2,24/9/25
Purifier Major Overhaul Alfa Laval,ADA,702.310.0010,HFO purifier 1,5/5/28
Purifier Service and Cleaning Alfa Laval,ADA,702.310.0010,HFO purifier 1,9/4/25
Purifier Major Overhaul Alfa Laval,ADA,712.310.0020,ME LO purifier 2,23/8/24
Purifier Service and Bowl Cleaning,ADA,712.310.0020,ME LO purifier 2,19/2/24
Purifier Service and Cleaning Alfa Laval,ADA,702.310.0020,HFO purifier 2,25/11/24
Purifiers Bearing and Motor Overhaul,ADA,712.310.0020,ME LO purifier 2,13/1/27
Purifier Emergency Stop Test,ADA,792.240.1100,Purifiers emergency stop,19/4/24
Purifier Service and Bowl Cleaning,ADA,712.310.0020,ME LO purifier 2,22/8/24
RNW0023A - Purifiers Bearing and Motor Overhaul,ADA,702.310.0010,HFO purifier 1,13/2/30
RNW0023A - Purifiers Bearing and Motor Overhaul,ADA,702.310.0020,HFO purifier 2,21/9/24
Purifier Service and Bowl Cleaning,ADA,712.310.0010,ME LO purifier 1,14/10/27
RNW0023A - Purifiers Bearing and Motor Overhaul,ADA,712.310.0010,ME LO purifier 1,21/6/69
OVH0022A - Purifier Major Overhaul Alfa Laval,ADA,712.310.0010,ME LO purifier 1,30/8/36